{"sys1": 0.5443562610229278, "sys2": 0.8507936507936508, "sys3": 0.852336860670194}