{"sys1": 0.19764109347442677, "sys2": 0.558641975308642, "sys1_syn": 0.11752645502645503, "sys2_syn": 0.5611111111111111}